game_id,created_at,color,result,player_rating,opponent_rating,opponent_name,variant,speed,rated,status,rating_diff
kAdOQKeh,2026-04-08 19:39:03.033,Black,Win,3145,2644.0,respects_55,standard,blitz,True,resign,501.0
xKWdG1d1,2026-04-08 19:36:17.600,White,Win,3131,2752.0,Sharkfang,standard,blitz,True,resign,379.0
SnXhGC57,2026-03-17 23:23:07.111,Black,Win,3238,3029.0,PseudoBenko,standard,bullet,True,mate,209.0
nrmBGiQF,2026-03-17 23:21:55.738,White,Win,3232,3032.0,PseudoBenko,standard,bullet,True,mate,200.0
VOqkxbKK,2026-03-17 23:20:34.732,Black,Win,3226,3035.0,PseudoBenko,standard,bullet,True,mate,191.0
haRbNEM1,2026-03-17 23:19:39.475,White,Win,3219,3038.0,PseudoBenko,standard,bullet,True,resign,181.0
SNG5EiHV,2026-03-17 23:18:37.521,Black,Win,3212,3041.0,PseudoBenko,standard,bullet,True,mate,171.0
ItgC9JQz,2026-03-17 23:16:30.929,White,Loss,3232,3032.0,PseudoBenko,standard,bullet,True,outoftime,200.0
uG80HxaK,2026-03-17 23:14:38.525,Black,Win,3225,3035.0,PseudoBenko,standard,bullet,True,resign,190.0
8vvzLvgP,2026-03-17 23:13:12.767,White,Loss,3247,3026.0,PseudoBenko,standard,bullet,True,resign,221.0
QvJtZdDG,2026-03-17 23:11:37.196,Black,Win,3240,3029.0,PseudoBenko,standard,bullet,True,resign,211.0
Jhes4kvM,2026-03-17 23:09:47.189,White,Loss,3264,3020.0,PseudoBenko,standard,bullet,True,resign,244.0
hQh8KffH,2026-03-17 23:08:39.911,Black,Win,3257,3023.0,PseudoBenko,standard,bullet,True,resign,234.0
Bz3c7N7D,2026-03-17 23:06:40.421,White,Loss,3284,3013.0,PseudoBenko,standard,bullet,True,resign,271.0
G3tGP3Qv,2026-03-17 23:05:19.381,Black,Win,3277,3015.0,PseudoBenko,standard,bullet,True,mate,262.0
1fLwz7QO,2026-03-17 23:03:14.582,White,Draw,3289,3012.0,PseudoBenko,standard,bullet,True,draw,277.0
K30CV7h1,2026-03-17 23:02:27.225,Black,Win,3282,3014.0,PseudoBenko,standard,bullet,True,resign,268.0
zO5ZaqI6,2026-03-17 23:00:54.345,White,Win,3276,3016.0,PseudoBenko,standard,bullet,True,resign,260.0
zUxV8GLr,2026-01-19 10:22:57.307,White,Win,3268,3099.0,indianstar,standard,bullet,True,resign,169.0
UEHX6oFD,2026-01-19 10:20:36.562,Black,Draw,3275,3097.0,indianstar,standard,bullet,True,draw,178.0
JrfNbeoz,2026-01-19 10:19:31.032,White,Win,3266,3100.0,indianstar,standard,bullet,True,resign,166.0
fMIf8O0H,2026-01-19 10:19:00.241,Black,Win,3256,3103.0,indianstar,standard,bullet,True,resign,153.0
qqcAlGZe,2026-01-19 10:16:53.033,White,Win,3246,3107.0,indianstar,standard,bullet,True,resign,139.0
OK63uLhA,2026-01-19 10:15:08.206,Black,Win,3233,3111.0,indianstar,standard,bullet,True,mate,122.0
EOwvdMyl,2025-11-25 14:41:55.857,Black,Win,3225,3015.0,Lorenpf08,standard,bullet,True,mate,210.0
T0hqqeXL,2025-11-25 14:41:16.006,White,Win,3218,3018.0,Lorenpf08,standard,bullet,True,resign,200.0
U7vJv1HU,2025-05-24 20:59:28.392,Black,Loss,3226,3109.0,chess-art-us,standard,bullet,True,resign,117.0
oPMO817E,2025-05-24 20:58:30.483,White,Loss,3234,3072.0,Katarina0TP,standard,bullet,True,resign,162.0
ai4mXm5Q,2025-05-24 20:56:38.824,Black,Win,3230,3108.0,Mirakel05,standard,bullet,True,resign,122.0
MoasISt2,2025-05-24 20:54:43.064,White,Win,3223,3283.0,junglebook1,standard,bullet,True,resign,-60.0
jdsZdqm4,2025-05-24 20:52:51.464,Black,Win,3220,2998.0,StrongKhaganaK1ller,standard,bullet,True,resign,222.0
2WzTqTeg,2025-05-24 20:51:14.221,White,Win,3217,3020.0,maciek_92,standard,bullet,True,resign,197.0
BdIlhVem,2025-05-24 20:50:37.486,White,Win,3210,3235.0,alireza2003,standard,bullet,True,resign,-25.0
X2ooxxhO,2025-05-24 20:48:43.496,Black,Win,3205,3084.0,chess-art-us,standard,bullet,True,resign,121.0
iYUxzt1g,2025-05-24 20:46:37.264,White,Win,3201,3080.0,MetiForce,standard,bullet,True,resign,121.0
jsnf9Tyl,2025-05-24 20:44:06.065,White,Draw,3201,3224.0,mutdpro,standard,bullet,True,outoftime,-23.0
ZZImaDvj,2025-05-24 20:41:49.372,Black,Win,3197,3004.0,affa19,standard,bullet,True,mate,193.0
uZ8Ugjbm,2025-05-24 20:39:57.448,Black,Loss,3203,3266.0,junglebook1,standard,bullet,True,resign,-63.0
fNUpn0oK,2025-05-24 20:37:59.354,White,Win,3200,2964.0,yoseph2013,standard,bullet,True,resign,236.0
MSkP4tKc,2025-05-24 20:37:01.388,White,Win,3195,3064.0,Katarina0TP,standard,bullet,True,resign,131.0
ZjbAs7ai,2025-05-24 20:35:02.540,Black,Win,3193,2857.0,SemenPuzyrevsky,standard,bullet,True,mate,336.0
3YrxyLMY,2025-05-24 20:33:04.545,White,Win,3187,3110.0,RebeccaHarris,standard,bullet,True,resign,77.0
fcmhc2GV,2025-05-24 20:31:11.373,Black,Win,3181,3118.0,Tuzakli_Egitim,standard,bullet,True,resign,63.0
knxDYq5W,2025-05-24 20:29:55.735,White,Win,3176,3019.0,Suleyman_Chess06,standard,bullet,True,resign,157.0
9vzrfIrv,2025-05-24 20:27:47.367,Black,Loss,3184,3213.0,mutdpro,standard,bullet,True,resign,-29.0
pHGFe1lT,2025-05-24 20:25:32.068,Black,Win,3176,3151.0,Night-King96,standard,bullet,True,outoftime,25.0
WPYzAi4Z,2025-05-24 20:23:42.339,White,Win,3170,3090.0,chess-art-us,standard,bullet,True,resign,80.0
nvybf9EQ,2025-05-24 20:21:29.780,Black,Loss,3180,3103.0,RebeccaHarris,standard,bullet,True,resign,77.0
5oquNjYQ,2025-05-24 20:19:00.303,White,Loss,3187,3243.0,junglebook1,standard,bullet,True,outoftime,-56.0
OJozkZH3,2025-05-24 20:16:30.183,Black,Win,3181,3064.0,dr_xStranger,standard,bullet,True,outoftime,117.0
lUP0KiqC,2025-05-24 20:14:56.991,White,Loss,3189,3222.0,alireza2003,standard,bullet,True,resign,-33.0
ovXf5I0A,2025-05-24 20:12:27.745,Black,Win,3180,3159.0,Night-King96,standard,bullet,True,outoftime,21.0
KyVLw4xS,2025-05-24 20:10:30.444,White,Draw,3181,3145.0,KonstantinKornienko,standard,bullet,True,draw,36.0
oPmPGF8X,2025-05-24 20:09:53.097,Black,Loss,3196,2998.0,Zubrrr,standard,bullet,True,resign,198.0
bDRN4aOQ,2025-05-24 20:07:44.796,White,Win,3189,3069.0,dr_xStranger,standard,bullet,True,outoftime,120.0
OwBe22yo,2025-05-24 20:05:35.274,Black,Draw,3192,3108.0,Zaven_ChessMood,standard,bullet,True,draw,84.0
O79p4glP,2025-05-24 20:03:39.475,White,Win,3183,3129.0,chess-art-us,standard,bullet,True,resign,54.0
P8sDo8tc,2025-05-24 20:01:47.756,Black,Win,3177,2973.0,Dragon700,standard,bullet,True,resign,204.0
GILE0fmS,2025-05-24 19:59:18.868,White,Loss,3187,3242.0,junglebook1,standard,bullet,True,outoftime,-55.0
ony4vIqh,2025-05-24 19:57:48.081,Black,Win,3179,3059.0,Katarina0TP,standard,bullet,True,resign,120.0
7QfHIkvB,2025-05-24 19:56:08.406,Black,Draw,3177,3241.0,junglebook1,standard,bullet,True,draw,-64.0
CGxkqUqp,2025-05-24 19:54:36.297,White,Win,3173,2875.0,moshakvar,standard,bullet,True,resign,298.0
xaFdRV7l,2025-05-24 19:53:25.763,Black,Win,3167,2953.0,KAPUTVSEMU,standard,bullet,True,resign,214.0
RaZzgXoN,2025-05-24 19:51:25.085,White,Loss,3189,2872.0,moshakvar,standard,bullet,True,mate,317.0
M6eLBiFH,2025-05-24 19:49:13.726,White,Win,3181,3048.0,Mamikon_Gharibyan,standard,bullet,True,mate,133.0
eWcl7RsZ,2025-05-24 19:47:31.407,Black,Win,3169,3132.0,royalchesssamarkand,standard,bullet,True,mate,37.0
6lXVH00K,2025-05-24 19:44:57.302,Black,Win,3162,2958.0,Lord_Maxik,standard,bullet,True,outoftime,204.0
OfNq3gH6,2025-05-24 19:43:05.006,White,Win,3147,3155.0,KonstantinKornienko,standard,bullet,True,resign,-8.0
p8t7n1h4,2025-05-24 19:41:31.276,Black,Loss,3166,3061.0,dr_xStranger,standard,bullet,True,resign,105.0
zhHaWEYx,2025-05-24 19:39:19.636,White,Loss,3180,3223.0,junglebook1,standard,bullet,True,resign,-43.0
iURTZvqA,2025-05-24 19:38:25.352,White,Win,3165,3137.0,chess-art-us,standard,bullet,True,resign,28.0
w0kyVgi1,2025-05-24 19:35:55.388,Black,Loss,3192,2944.0,KAPUTVSEMU,standard,bullet,True,outoftime,248.0
Kmr7r6wh,2025-05-24 19:33:46.544,White,Win,3180,3059.0,dr_xStranger,standard,bullet,True,outoftime,121.0
JlEpkyk3,2025-05-24 19:32:32.052,Black,Win,3162,3161.0,KonstantinKornienko,standard,bullet,True,resign,1.0
oaByoGQT,2025-05-24 19:30:58.626,White,Win,3144,3102.0,toivok3,standard,bullet,True,resign,42.0
cEbsIuIM,2025-05-24 19:30:04.619,White,Win,3122,3157.0,Night-King96,standard,bullet,True,resign,-35.0
7TA0gikZ,2025-05-24 19:29:25.225,Black,Win,3105,3015.0,NINDJAxx8,standard,bullet,True,resign,90.0
mpdOSjGE,2025-05-24 19:27:30.116,Black,Win,3087,3009.0,StrongKhaganaK1ller,standard,bullet,True,resign,78.0
QypoKrwX,2025-05-24 19:26:15.347,White,Win,3069,2964.0,Zubrrr,standard,bullet,True,resign,105.0
s0Uhpirb,2025-05-24 19:24:24.680,Black,Draw,3083,2882.0,FakeBruceLee,standard,bullet,True,draw,201.0
OfyuJPd6,2025-05-24 19:21:52.770,White,Win,3072,2822.0,SalihEke,standard,bullet,True,mate,250.0
sU7DwEQ5,2025-05-24 19:19:24.546,Black,Win,3055,2891.0,affa19,standard,bullet,True,mate,164.0
nqJ08CV3,2025-05-24 19:17:34.431,White,Win,3046,2731.0,PishgamChessClub,standard,bullet,True,resign,315.0
DRDFnjTg,2025-05-24 19:16:00.763,Black,Win,3037,2721.0,GGTOURS,standard,bullet,True,mate,316.0
sehBuh7G,2025-05-24 19:14:24.873,White,Win,3029,2678.0,chesspawnrookking,standard,bullet,True,mate,351.0
BZlVXbm2,2025-05-24 19:13:12.218,Black,Win,3028,1820.0,Roseberline,standard,bullet,True,resign,1208.0
apzXqc2m,2024-06-22 19:10:33.916,Black,Win,3018,2892.0,jonasbjerre,standard,bullet,True,mate,126.0
WIPbQ2uh,2024-06-22 19:08:36.764,White,Win,3007,2875.0,DrAgnevstein,standard,bullet,True,resign,132.0
0zgPiLLC,2024-06-22 19:07:05.166,White,Win,2999,2782.0,DmitriyBiryuk777,standard,bullet,True,mate,217.0
7Yn8tQRZ,2024-06-22 19:04:51.379,Black,Win,2988,2833.0,Mortred07,standard,bullet,True,resign,155.0
2KJCBnT4,2024-06-22 19:03:15.224,White,Loss,3021,2702.0,AmbartsumianTyhran,standard,bullet,True,outoftime,319.0
xtXialtC,2024-06-22 19:02:01.777,White,Loss,3053,2765.0,BryanL,standard,bullet,True,outoftime,288.0
FmWRUOb5,2024-06-22 19:00:30.346,Black,Win,3049,2663.0,satrancdelisi23,standard,bullet,True,mate,386.0
bnrQVFwg,2024-06-22 18:58:35.823,Black,Draw,3063,2765.0,Alamzhi,standard,bullet,True,draw,298.0
QHPVrTI9,2024-06-22 18:56:07.308,White,Win,3047,2959.0,Bestinblitz,standard,bullet,True,outoftime,88.0
YB1gWnQG,2024-06-22 18:53:57.427,Black,Win,3046,2365.0,ivanrojo,standard,bullet,True,mate,681.0
5m6KZ6Aj,2024-06-22 18:53:03.202,White,Loss,3085,2760.0,AkibaRubi,standard,bullet,True,resign,325.0
DGe4uZ0J,2024-06-22 18:51:28.067,Black,Win,3083,2484.0,Bagheeraimlikeyou,standard,bullet,True,mate,599.0
y0gKUFrf,2024-06-22 18:49:47.691,White,Win,3080,2597.0,jesselroy99,standard,bullet,True,resign,483.0
Efrc0xxt,2024-06-22 18:48:13.647,Black,Win,3079,2441.0,smotherhubbard,standard,bullet,True,resign,638.0
BMrcRCpP,2024-06-22 18:46:20.396,Black,Loss,3125,2407.0,serena-maria,standard,bullet,True,outoftime,718.0
4lb1YWHp,2024-06-22 18:44:46.212,White,Win,3124,2394.0,hugo314,standard,bullet,True,mate,730.0
0Ir1FJhz,2024-06-22 18:43:31.062,Black,Win,3124,2300.0,dragan961,standard,bullet,True,resign,824.0
JD9cwOBV,2024-06-22 18:41:38.030,White,Loss,3170,2560.0,HelonosGR,standard,bullet,True,outoftime,610.0
9plEHNLK,2024-06-22 18:39:25.435,Black,Win,3167,2650.0,SILVERKNIGHT101,standard,bullet,True,outoftime,517.0
oHFOtZq4,2024-06-22 18:38:07.375,White,Win,3167,2291.0,IngOscarArdila,standard,bullet,True,mate,876.0
r2fwyai2,2024-06-22 18:36:35.478,Black,Win,3159,2877.0,K-Georgiev,standard,bullet,True,resign,282.0
PNKPc00p,2024-06-22 18:35:20.122,White,Loss,3209,2528.0,Proteuo,standard,bullet,True,resign,681.0
ILh7x5lK,2024-06-22 18:33:47.160,Black,Win,3208,2345.0,Lelouch_Vi_Brittania,standard,bullet,True,resign,863.0
IyFe2k8U,2024-03-24 17:30:10.255,Black,Win,3130,2436.0,Gvein,standard,blitz,True,resign,694.0
FdVI4HR4,2023-12-22 17:00:03.288,Black,Win,3115,3065.0,WowFlow,standard,blitz,True,resign,50.0
NOH9m1vV,2023-07-15 23:28:59.014,Black,Loss,3217,3073.0,penguingim1,standard,bullet,True,resign,144.0
DlnKVdID,2023-07-15 23:27:14.155,Black,Win,3213,3050.0,MatthewG-p4p,standard,bullet,True,resign,163.0
R3QuS4LL,2023-07-15 23:26:18.545,White,Win,3209,3075.0,penguingim1,standard,bullet,True,resign,134.0
U4XRlo1O,2023-07-15 23:23:50.275,Black,Win,3205,3119.0,KontraJaKO,standard,bullet,True,mate,86.0
CjNfGKGP,2023-07-15 23:22:05.368,White,Win,3201,3053.0,mutdpro,standard,bullet,True,resign,148.0
XtuFvvee,2023-07-15 23:20:30.734,Black,Win,3200,2714.0,SSJGSSJ,standard,bullet,True,resign,486.0
lc8fR5aZ,2023-07-15 23:19:24.805,White,Win,3199,2733.0,PavelMart,standard,bullet,True,resign,466.0
J29UOrto,2023-07-15 23:17:54.263,Black,Win,3195,3053.0,mutdpro,standard,bullet,True,resign,142.0
J2fJL61x,2023-07-15 23:16:33.945,White,Win,3194,2839.0,BlackBoarder,standard,bullet,True,resign,355.0
WjOZJ4sD,2023-07-15 23:14:48.883,Black,Win,3191,2938.0,Fandorine96,standard,bullet,True,resign,253.0
Jc5BJwDG,2023-07-15 23:12:03.401,White,Win,3187,3064.0,mutdpro,standard,bullet,True,outoftime,123.0
osuDa7tu,2023-07-15 23:10:23.676,Black,Loss,3196,3070.0,penguingim1,standard,bullet,True,resign,126.0
7bDriOVi,2023-07-15 23:08:18.317,White,Draw,3198,3084.0,Night-King96,standard,bullet,True,draw,114.0
ET8fuLQN,2023-07-15 23:05:58.562,White,Win,3196,2809.0,pasino,standard,bullet,True,resign,387.0
Hz5GFRPV,2023-07-15 23:04:13.785,Black,Loss,3205,3116.0,RebeccaHarris,standard,bullet,True,resign,89.0
uV25WCwX,2023-07-15 23:02:51.783,White,Win,3200,3097.0,Zhigalko_Sergei,standard,bullet,True,resign,103.0
3IbHSUKx,2023-07-15 23:00:38.512,Black,Win,3195,3056.0,mutdpro,standard,bullet,True,resign,139.0
I3E5nd6S,2023-07-15 22:59:12.212,Black,Win,3194,2727.0,Umid-2006,standard,bullet,True,resign,467.0
UMo2FLoh,2023-07-15 22:57:46.132,White,Win,3190,3046.0,MatthewG-p4p,standard,bullet,True,resign,144.0
K5xLX1OX,2023-07-15 22:56:13.644,Black,Draw,3192,3092.0,Night-King96,standard,bullet,True,draw,100.0
1ZbCJMya,2023-07-15 22:54:30.684,White,Loss,3203,3062.0,penguingim1,standard,bullet,True,resign,141.0
z7NleUNM,2023-07-15 22:52:54.083,White,Win,3198,3056.0,mutdpro,standard,bullet,True,resign,142.0
G5b8B96e,2023-07-15 22:51:43.782,Black,Win,3196,2813.0,maybach7,standard,bullet,True,resign,383.0
JChF9ICU,2023-07-15 22:50:02.993,Black,Win,3190,3093.0,Night-King96,standard,bullet,True,resign,97.0
dLkqaeQW,2023-07-15 22:48:03.484,White,Win,3184,3075.0,penguingim1,standard,bullet,True,resign,109.0
UCl6hUeH,2023-07-15 22:47:16.076,Black,Win,3177,3103.0,RebeccaHarris,standard,bullet,True,resign,74.0
pdGxAww8,2023-07-15 22:45:55.864,White,Loss,3194,2682.0,Oleg_Papayan,standard,bullet,True,outoftime,512.0
UvGLsm01,2023-07-15 22:44:43.585,White,Win,3187,3115.0,RebeccaHarris,standard,bullet,True,resign,72.0
iB6dQHtz,2023-07-15 22:42:56.694,Black,Loss,3204,2664.0,Oleg_Papayan,standard,bullet,True,resign,540.0
UA2ADi0v,2023-07-15 22:41:28.393,White,Win,3197,3106.0,Zhigalko_Sergei,standard,bullet,True,resign,91.0
9LsB1LJn,2023-07-15 22:40:06.245,Black,Loss,3209,3103.0,RebeccaHarris,standard,bullet,True,resign,106.0
hWwKb39z,2023-07-15 22:38:23.476,White,Loss,3225,2914.0,SF-46,standard,bullet,True,resign,311.0
nc47V6ja,2023-07-15 22:36:50.878,Black,Win,3219,3065.0,mutdpro,standard,bullet,True,resign,154.0
q4mqrpCT,2023-07-15 22:35:14.135,White,Win,3213,3081.0,penguingim1,standard,bullet,True,resign,132.0
xDixM3Ln,2023-07-15 22:32:59.430,Black,Win,3211,2748.0,Umid-2006,standard,bullet,True,mate,463.0
PYvhsnQA,2023-07-15 22:31:31.882,White,Win,3206,3032.0,MatthewG-p4p,standard,bullet,True,resign,174.0
TK8OFvWQ,2023-07-15 22:29:11.936,Black,Loss,3220,3102.0,RebeccaHarris,standard,bullet,True,outoftime,118.0
n6Vbi5t3,2023-07-15 22:27:25.055,White,Win,3214,3048.0,mutdpro,standard,bullet,True,resign,166.0
eN6gxH3H,2023-07-15 22:26:25.235,Black,Loss,3228,3107.0,AngelitoRT,standard,bullet,True,resign,121.0
ZK3Gy0wF,2023-07-15 22:24:29.961,Black,Win,3222,3034.0,MatthewG-p4p,standard,bullet,True,resign,188.0
O9E3Bdgn,2023-07-15 22:22:09.973,White,Loss,3239,3069.0,penguingim1,standard,bullet,True,outoftime,170.0
t6oyk7HZ,2023-07-15 22:20:35.284,Black,Draw,3243,3108.0,RebeccaHarris,standard,bullet,True,draw,135.0
jfjoDu3I,2023-07-15 22:19:00.524,White,Loss,3263,2966.0,Fandorine96,standard,bullet,True,resign,297.0
Mx0tNkiu,2023-07-15 22:17:17.381,Black,Win,3256,3099.0,AngelitoRT,standard,bullet,True,resign,157.0
RDK0a8Rx,2023-07-15 22:15:38.776,White,Loss,3276,3039.0,MatthewG-p4p,standard,bullet,True,resign,237.0
rfAFaxpg,2023-07-15 22:13:02.414,White,Win,3270,3057.0,mutdpro,standard,bullet,True,outoftime,213.0
Cxvvmv0v,2023-07-15 22:11:07.167,Black,Win,3262,3106.0,Zhigalko_Sergei,standard,bullet,True,resign,156.0
831LXjw8,2023-07-15 22:10:09.676,White,Win,3255,3059.0,mutdpro,standard,bullet,True,resign,196.0
nW2gQOwG,2023-07-15 22:08:10.585,Black,Win,3252,2860.0,Zakaryan_David,standard,bullet,True,resign,392.0
fRKR42Sl,2023-07-15 22:05:48.645,Black,Win,3244,3083.0,AngelitoRT,standard,bullet,True,mate,161.0
g3aR2JzK,2023-07-15 22:04:26.455,Black,Win,3236,3076.0,penguingim1,standard,bullet,True,resign,160.0
p931cYSk,2023-07-15 22:03:33.023,White,Win,3235,2632.0,Keepserene,standard,bullet,True,mate,603.0
XM4Pv57L,2023-07-15 22:01:31.816,Black,Draw,3242,3068.0,mutdpro,standard,bullet,True,draw,174.0
7YG2LQ33,2023-07-15 22:00:07.691,White,Win,3237,2929.0,goltsev2000,standard,bullet,True,mate,308.0
swKMV3RO,2023-07-15 21:57:37.837,Black,Win,3233,2879.0,Ragehunter,standard,bullet,True,outoftime,354.0
Kub6HnIh,2023-07-15 21:55:24.706,White,Loss,3258,3053.0,mutdpro,standard,bullet,True,resign,205.0
QVCTBgmW,2023-07-15 21:53:09.699,Black,Loss,3285,3058.0,penguingim1,standard,bullet,True,resign,227.0
uf1EEtjU,2023-07-15 21:52:09.591,White,Win,3283,2790.0,MR_HW,standard,bullet,True,resign,493.0
BCqatq5s,2023-07-15 21:50:45.871,Black,Win,3276,3032.0,MatthewG-p4p,standard,bullet,True,resign,244.0
KR7r0QNa,2023-07-15 21:49:26.341,White,Win,3271,2955.0,Fandorine96,standard,bullet,True,resign,316.0
iGEjX4kx,2023-07-15 21:47:24.301,Black,Loss,3306,2880.0,Chessisnotfair,standard,bullet,True,resign,426.0
8GhUU5rU,2023-07-15 21:45:43.049,White,Draw,3318,3061.0,Night-King96,standard,bullet,True,draw,257.0
DvQc7hlZ,2023-07-15 21:45:03.728,White,Win,3315,2813.0,GUNNE_USER,standard,bullet,True,resign,502.0
aiGLcMI5,2023-07-15 21:43:22.409,Black,Draw,3331,2957.0,Fandorine96,standard,bullet,True,draw,374.0
ljkgxnAo,2023-07-15 21:41:45.361,White,Loss,3367,3057.0,penguingim1,standard,bullet,True,resign,310.0
7xK0S4MX,2023-07-15 21:39:39.438,Black,Win,3366,2673.0,h1kk1,standard,bullet,True,resign,693.0
IVkm8JER,2023-07-15 21:38:39.604,Black,Win,3359,3058.0,Night-King96,standard,bullet,True,resign,301.0
OcokMVWe,2023-07-15 21:37:35.661,White,Win,3353,3026.0,MatthewG-p4p,standard,bullet,True,resign,327.0
Jd38zKE2,2023-07-15 21:35:47.089,White,Win,3352,2629.0,Boris_Soltis,standard,bullet,True,resign,723.0
zKRMtWJ9,2023-07-15 21:33:30.010,Black,Win,3349,2929.0,greennight,standard,bullet,True,resign,420.0
u6npRitQ,2023-07-15 21:32:09.531,White,Win,3347,2803.0,GUNNE_USER,standard,bullet,True,resign,544.0
XM3dMQOw,2023-07-15 21:30:01.733,Black,Win,3336,3118.0,Zhigalko_Sergei,standard,bullet,True,outoftime,218.0
RaKbMbh7,2023-07-15 21:16:36.698,White,Loss,1500,,Anonymous,standard,correspondence,False,resign,
kx7aGZB0,2023-07-01 21:56:43.270,White,Win,3113,2718.0,Think_Fast_Move_Fast,standard,blitz,True,resign,395.0
kHzZLMXD,2023-07-01 21:53:47.673,Black,Loss,3132,2854.0,Chesstoday,standard,blitz,True,resign,278.0
Zjo5ckAr,2023-07-01 21:51:31.483,White,Win,3125,2959.0,RebeccaHarris,standard,blitz,True,resign,166.0
sQdwJKn5,2023-07-01 21:47:07.009,Black,Win,3124,2577.0,ThiesHeinemann,standard,blitz,True,resign,547.0
Wp6Jsclg,2023-07-01 21:43:54.678,White,Win,3122,2721.0,OhanyanEminChess,standard,blitz,True,resign,401.0
j0WvPVrU,2023-07-01 21:39:38.509,Black,Win,3118,2821.0,chessmaster2006,standard,blitz,True,resign,297.0
p1qjdF9i,2023-07-01 21:36:20.149,Black,Win,3116,2715.0,ChessWeeb,standard,blitz,True,resign,401.0
mnzRRVVN,2023-07-01 21:31:18.610,White,Win,3112,2810.0,hitter1999,standard,blitz,True,mate,302.0
JJrtd8Xw,2023-07-01 21:28:47.636,Black,Win,3109,2724.0,Elda64,standard,blitz,True,resign,385.0
4MvuNRfu,2023-07-01 21:25:25.212,Black,Win,3107,2662.0,Riquelme93,standard,blitz,True,resign,445.0
gAH07ucg,2023-07-01 21:22:08.183,White,Draw,3113,2958.0,RebeccaHarris,standard,blitz,True,draw,155.0
hy0zu5gJ,2023-07-01 21:19:36.769,Black,Win,3112,2524.0,shnitez,standard,blitz,True,resign,588.0
oJjtb9RG,2023-07-01 21:17:07.503,White,Win,3106,2873.0,Chesstoday,standard,blitz,True,resign,233.0
j1avuLFe,2023-07-01 21:13:54.946,White,Win,3104,2666.0,Chessisnotfair,standard,blitz,True,outoftime,438.0
wo3SFGdB,2023-07-01 21:08:42.586,Black,Draw,3113,2837.0,Zhigalko_Sergei,standard,blitz,True,outoftime,276.0
NUnrdHvG,2023-07-01 21:04:55.234,White,Win,3110,2753.0,dr_xStranger,standard,blitz,True,resign,357.0
